{
    "parent": "firegreen:root",
    "display": {
        "icon": {
            "item": "minecraft:stone"
        },
        "title": "医疗力场目标",
        "description": "医疗力场目标",
        "announce_to_chat": false,
        "hidden": true,
        "show_toast": false
    },
    "criteria": {
        "yiliaolichangtarget":{
            "trigger": "minecraft:entity_hurt_player",
            "conditions": {
                "damage": {
                    "source_entity": {
                        "type_specific": {
                            "type": "player",
                            "advancements": {
                                "firegreen:yiliaolichang/yiliaolichangroot":true
                            }
                        }
                    }
                }
            }
        }
    },
    "rewards": {
        "function": "firegreen:arknight/yiliaolichang/yiliaotarget"
    }
}