{
    "parent": "firegreen:root",
    "display": {
        "icon": {
            "item": "minecraft:stone"
        },
        "title": "般若",
        "description": "般若",
        "announce_to_chat": false,
        "hidden": true,
        "show_toast": false
    },
    "criteria": {
        "bore":{
            "trigger": "minecraft:entity_hurt_player",
            "conditions": {
                "damage": {
                    "blocked": true
                },
                "player": {
                    "equipment": {
                        "offhand": {
                            "items": ["minecraft:shield"],
                            "nbt": "{CustomModelData:2}"
                        }
                    }
                }
            }
        }
    },
    "rewards": {
        "function": "firegreen:arknight/lizhiju/bore/dodamageblocking"
    }
}