{
    "parent":"minecraft:item/handheld",
    "display": {
        "thirdperson_righthand": {
            "rotation": [ 45, 135, 0 ],
            "translation": [ 3, -2, 0 ],
            "scale": [ 3,3,3 ]
        },
        "thirdperson_lefthand": {
            "rotation": [ 45, 135, 0 ],
            "translation": [ 3, -2, 0 ],
            "scale": [ 3,3,3 ]
        },
        "firstperson_righthand": {
            "rotation": [ 0, -90, 25 ],
            "translation": [ 1.13, 1, 1.13],
            "scale": [ 2,2,2 ]
        },
        "firstperson_lefthand": {
            "rotation": [ 0, 90, -25 ],
            "translation": [ 1.13, 1, 1.13],
            "scale": [ 2,2,2 ]
        }
    },
    "textures":{
        "layer0":"arknight:item/lizhiju/01"
    }   
}