{
    "parent": "firegreen:root",
    "display": {
        "icon": {
            "item": "minecraft:stone"
        },
        "title": "未照耀的荣光",
        "description": "",
        "announce_to_chat": false,
        "hidden": true,
        "show_toast": false
    },
    "criteria": {
        "banskill":{
            "trigger": "minecraft:inventory_changed",
            "conditions": {
                "items": [
                    {
                        "items": ["minecraft:carrot_on_a_stick"],
                        "nbt": "{CustomModelData:9}"
                    }
                ]
            }
        }
    },
    "rewards": {
        "function": "firegreen:arknight/weizhaoyaoderongguang/banskill"
    }
}