{
    "display": {
        "icon": {
            "item": "minecraft:stone"
        },
        "title": "永恒狩猎射箭",
        "description": "永恒狩猎射箭",
        "announce_to_chat": false,
        "hidden": true,
        "show_toast": false
    },
    "parent": "firegreen:root",
    "criteria": {
        "shejian":{
            "trigger": "minecraft:item_durability_changed",
            "conditions": {
                "item": {
                    "items": ["minecraft:bow"],
                    "nbt": "{CustomModelData:2}"
                }
            }
        }
    },
    "rewards": {
        "function": "firegreen:arknight/yonghengshoulie/bow/use"
    }
}