{
    "parent":"minecraft:item/handheld",
    "display": {
        "thirdperson_righthand": {
            "rotation": [ 10, 260, -40 ],
            "translation": [ -1, 5, 2.5 ],
            "scale": [ 2,2,2 ]
        },
        "thirdperson_lefthand": {
            "rotation": [ 10, -280, 40 ],
            "translation": [ -1, 5, 2.5 ],
            "scale": [ 2,2,2 ]
        },
        "firstperson_righthand": {
            "rotation": [ 90, -90, 25 ],
            "translation": [ 1.13, 4, 0],
            "scale": [ 1,1,1 ]
        },
        "firstperson_lefthand": {
            "rotation": [ 90, 90, -25 ],
            "translation": [ 1.13, 4, 0],
            "scale": [ 1,1,1 ]
        }
    },
    "textures":{
        "layer0":"arknight:item/huoshan/01"
    }   
}