{
    "parent":"item/handheld",
    "textures":{
        "layer0":"arknight:item/bow/01"
    },
    "display": {
        "thirdperson_righthand": {
            "rotation": [ -80, 260, -40 ],
            "translation": [ -1, -2, 2.5 ],
            "scale": [ 2,2,2 ]
        },
        "thirdperson_lefthand": {
            "rotation": [ -80, -280, 40 ],
            "translation": [ -1, -2, 2.5 ],
            "scale": [ 2,2,2 ]
        },
        "firstperson_righthand": {
            "rotation": [ 0, -90, 25 ],
            "translation": [ 1.13, 1, 1.13],
            "scale": [ 1.5,1.5,1.5 ]
        },
        "firstperson_lefthand": {
            "rotation": [ 0, 90, -25 ],
            "translation": [ 1.13, 1, 1.13],
            "scale": [ 1.5,1.5,1.5 ]
        }
    }
}