{"stats":{"minecraft:killed_by":{"minecraft:player":1,"minecraft:hoglin":1,"minecraft:zombie":2},"minecraft:picked_up":{"minecraft:netherite_boots":118,"minecraft:wheat":2,"minecraft:magma_cream":1,"minecraft:carrot_on_a_stick":11,"minecraft:shield":7,"minecraft:netherite_leggings":124,"minecraft:magenta_wool":1,"minecraft:bow":19,"minecraft:gold_nugget":1,"minecraft:netherite_sword":1,"minecraft:enchanted_golden_apple":126,"minecraft:verdant_froglight":1,"minecraft:tipped_arrow":1,"minecraft:spyglass":19,"minecraft:stone_button":20,"minecraft:carrot":6,"minecraft:prismarine_crystals":1,"minecraft:mossy_cobblestone":1,"minecraft:arrow":15,"minecraft:rotten_flesh":185,"minecraft:diamond":65,"minecraft:netherite_helmet":119,"minecraft:tide_armor_trim_smithing_template":1,"minecraft:lever":10,"minecraft:crossbow":2,"minecraft:saddle":1,"minecraft:netherite_chestplate":125,"minecraft:baked_potato":1,"minecraft:cobblestone":12,"minecraft:oxeye_daisy":1},"minecraft:mined":{"minecraft:fire":3},"minecraft:used":{"minecraft:water_bucket":1,"minecraft:trident":1,"minecraft:netherite_sword":13,"minecraft:dirt_path":12,"minecraft:diamond_boots":5,"minecraft:flint_and_steel":1,"minecraft:elder_guardian_spawn_egg":1,"minecraft:carrot_on_a_stick":1980,"minecraft:netherite_chestplate":4,"minecraft:oak_planks":34,"minecraft:diamond_hoe":51,"minecraft:oak_sign":5,"minecraft:cactus":1,"minecraft:chest":6,"minecraft:shield":406,"minecraft:white_terracotta":2,"minecraft:zombie_spawn_egg":2,"minecraft:oak_door":1,"minecraft:white_wool":121,"minecraft:spyglass":369,"minecraft:dirt":17,"minecraft:sand":1,"minecraft:anvil":2,"minecraft:skeleton_spawn_egg":2,"minecraft:netherite_leggings":5,"minecraft:tnt":1,"minecraft:crafting_table":1,"minecraft:crossbow":837,"minecraft:diamond_helmet":5,"minecraft:netherite_helmet":4,"minecraft:white_bed":5,"minecraft:cyan_wool":1,"minecraft:creeper_spawn_egg":4,"minecraft:warden_spawn_egg":1,"minecraft:enderman_spawn_egg":1,"minecraft:ravager_spawn_egg":1,"minecraft:lever":21,"minecraft:hoglin_spawn_egg":1,"minecraft:black_wool":103,"minecraft:oxeye_daisy":2,"minecraft:villager_spawn_egg":20,"minecraft:command_block":74,"minecraft:oak_stairs":30,"minecraft:grass_block":110,"minecraft:stone_button":28,"minecraft:netherite_axe":12,"minecraft:blaze_spawn_egg":1,"minecraft:magma_cube_spawn_egg":4,"minecraft:bedrock":6,"minecraft:netherite_boots":5,"minecraft:diamond_chestplate":5,"minecraft:cobblestone":14,"minecraft:bow":892,"minecraft:sweet_berries":1,"minecraft:white_stained_glass_pane":8,"minecraft:chain_command_block":15,"minecraft:repeating_command_block":16,"minecraft:pillager_spawn_egg":2,"minecraft:zombified_piglin_spawn_egg":1,"minecraft:diamond_leggings":5,"minecraft:enchanted_golden_apple":2,"minecraft:bone_meal":1,"minecraft:splash_potion":79,"minecraft:iron_leggings":2},"minecraft:custom":{"minecraft:mob_kills":39,"minecraft:interact_with_anvil":2,"minecraft:interact_with_crafting_table":2,"minecraft:bell_ring":11,"minecraft:leave_game":43,"minecraft:time_since_death":84956,"minecraft:climb_one_cm":3507,"minecraft:damage_resisted":2011,"minecraft:time_since_rest":84977,"minecraft:sprint_one_cm":2543688,"minecraft:damage_taken":26246,"minecraft:walk_one_cm":2993379,"minecraft:damage_blocked_by_shield":8055,"minecraft:drop":449,"minecraft:damage_dealt":4289,"minecraft:talked_to_villager":21,"minecraft:fly_one_cm":5995381,"minecraft:open_chest":82,"minecraft:crouch_one_cm":12592,"minecraft:play_time":4383105,"minecraft:deaths":34,"minecraft:sneak_time":10116,"minecraft:walk_under_water_one_cm":327,"minecraft:jump":13939,"minecraft:interact_with_brewingstand":1,"minecraft:walk_on_water_one_cm":2827,"minecraft:total_world_time":5416007,"minecraft:fall_one_cm":50290},"minecraft:dropped":{"minecraft:anvil":1,"minecraft:spyglass":267,"minecraft:lever":2,"minecraft:diamond":65,"minecraft:netherite_helmet":23,"minecraft:wheat":1,"minecraft:blue_wool":1,"minecraft:netherite_chestplate":24,"minecraft:crossbow":4,"minecraft:netherite_upgrade_smithing_template":1,"minecraft:rotten_flesh":32,"minecraft:oak_planks":1,"minecraft:white_bed":1,"minecraft:carrot_on_a_stick":20,"minecraft:netherite_leggings":27,"minecraft:oxeye_daisy":1,"minecraft:dirt":1,"minecraft:shield":13,"minecraft:orange_carpet":1,"minecraft:brown_wool":1,"minecraft:netherite_boots":24,"minecraft:verdant_froglight":1,"minecraft:arrow":1,"minecraft:bow":13,"minecraft:magenta_wool":1,"minecraft:black_wool":1},"minecraft:broken":{"minecraft:netherite_helmet":2,"minecraft:netherite_chestplate":2,"minecraft:netherite_leggings":2,"minecraft:air":37,"minecraft:netherite_boots":2},"minecraft:killed":{"minecraft:bat":9,"minecraft:skeleton":1,"minecraft:pillager":2,"minecraft:zombie":16}},"DataVersion":3700}