{"stats":{"minecraft:killed":{"minecraft:zombie":7},"minecraft:broken":{"minecraft:air":1},"minecraft:picked_up":{"minecraft:netherite_boots":17,"minecraft:torch":2,"minecraft:carrot_on_a_stick":1,"minecraft:netherite_leggings":11,"minecraft:mossy_cobblestone":1,"minecraft:arrow":2,"minecraft:rotten_flesh":21,"minecraft:bow":1,"minecraft:netherite_helmet":14,"minecraft:crossbow":1,"minecraft:netherite_chestplate":14},"minecraft:killed_by":{"minecraft:zombie":3},"minecraft:dropped":{"minecraft:tipped_arrow":1,"minecraft:spyglass":7,"minecraft:mossy_cobblestone":1,"minecraft:netherite_sword":1,"minecraft:bow":1,"minecraft:carrot_on_a_stick":2},"minecraft:used":{"minecraft:trident":25,"minecraft:netherite_shovel":54,"minecraft:flint_and_steel":21,"minecraft:grass_block":1,"minecraft:carrot_on_a_stick":103,"minecraft:netherite_chestplate":3,"minecraft:netherite_axe":25,"minecraft:netherite_boots":3,"minecraft:torch":1,"minecraft:spyglass":24,"minecraft:bow":25,"minecraft:netherite_leggings":2,"minecraft:tnt":23,"minecraft:crossbow":4,"minecraft:netherite_helmet":4,"minecraft:splash_potion":85},"minecraft:custom":{"minecraft:time_since_rest":23177,"minecraft:sprint_one_cm":82523,"minecraft:damage_taken":2965,"minecraft:walk_one_cm":181315,"minecraft:mob_kills":12,"minecraft:drop":13,"minecraft:damage_dealt":347,"minecraft:fly_one_cm":1468099,"minecraft:crouch_one_cm":228,"minecraft:play_time":179677,"minecraft:deaths":15,"minecraft:sneak_time":104,"minecraft:walk_under_water_one_cm":1782,"minecraft:jump":1158,"minecraft:leave_game":4,"minecraft:walk_on_water_one_cm":243,"minecraft:time_since_death":23154,"minecraft:climb_one_cm":2344,"minecraft:total_world_time":179677,"minecraft:fall_one_cm":15340}},"DataVersion":3570}