{
    "parent": "firegreen:root",
    "display": {
        "icon": {
            "item": "minecraft:stone"
        },
        "title": "钉枪主手",
        "description": "",
        "announce_to_chat": false,
        "hidden": true,
        "show_toast": false
    },
    "criteria": {
        "dingqiang":{
            "trigger": "minecraft:tick",
            "conditions": {
                "player": {
                    "equipment": {
                        "offhand": {
                            "items": ["minecraft:crossbow"],
                            "nbt": "{CustomModelData:8}"
                        }
                    }
                }
            }
        }
    },
    "rewards": {
        "function": "firegreen:arknight/regain/crossbow"
    }
}