{
    "parent": "firegreen:root",
    "criteria": {
        "huoshan":{
            "trigger": "minecraft:tick",
            "conditions": {
                "player": {
                    "equipment": {
                        "mainhand": {
                            "items": ["minecraft:carrot_on_a_stick"],
                            "nbt": "{CustomModelData:502}"
                        }
                    }
                }
            }
        }
    },
    "display": {
        "icon": {
            "item": "minecraft:stone"
        },
        "title": "火山激活",
        "description": "火山激活",
        "announce_to_chat": false,
        "hidden": true,
        "show_toast": false
    },
    "rewards": {
        "function": "firegreen:arknight/huoshan/huoshanwand/activate/01"
    }
}