{
    "parent": "minecraft:item/handheld_rod",
    "textures": {
        "layer0": "minecraft:item/carrot_on_a_stick"
    },
    "overrides": [
        { "predicate": { "custom_model_data": 3 }, "model": "arknight:item/panjue"},
        { "predicate": { "custom_model_data": 4 }, "model": "arknight:item/yonghengshoulie"},
        { "predicate": { "custom_model_data": 5 }, "model": "arknight:item/huoshan"},
        { "predicate": { "custom_model_data": 6 }, "model": "arknight:item/lizhiju"},
        { "predicate": { "custom_model_data": 7 }, "model": "arknight:item/yiliaolichang"},
        { "predicate": { "custom_model_data": 8 }, "model": "arknight:item/rmachangding"},
        { "predicate": { "custom_model_data": 9 }, "model": "arknight:item/weizhaoyaoderongguang"},
        { "predicate": { "custom_model_data": 10 }, "model": "arknight:item/huihuangliepian"},
        { "predicate": { "custom_model_data": 501 }, "model": "arknight:item/huoshanwand/huoshanwand"},
        { "predicate": { "custom_model_data": 502 }, "model": "arknight:item/huoshanwand/huoshanwand1"}
    ]
}